PATCH,	BLUE,	RED,	WINNER,	BB1,	RB1,	BB2,	RB2,	BB3,	RB3,	BP1,	RP1,	RP2,	BP2,	BP3,	RP3,	RB4,	BB4,	RB5,	BB5,	RP4,	BP4,	BP5,	RP5
8_16,	MSF,	SPY,	RED,	GRAGAS,	DRAVEN,	BRAUM,	RAKAN,	MORGANA,	KALISTA,	URGOT,	VARUS, ORNN,	KAISA, ALISTAR,	TAHM KENCH,	OLAF,	RYZE,	KINDRED,	LEBLANC,	SEJUANI,	AATROX, SWAIN,	CASSIOPEIA
8_16,	MSF,	SPY,	BLUE,	GRAGAS,	DRAVEN,	BRAUM,	RAKAN,	MORGANA,	KALISTA,	URGOT,	VARUS, ORNN,	KAISA, ALISTAR,	TAHM KENCH,	AATROX,	RYZE,	OLAF,	CASSIOPEIA,	ZAC,	POPPY, TALIYAH,	AKALI
8_16,	MSF,	SPY,	RED,	GRAGAS,	DRAVEN,	BRAUM,	KALISTA,	MORGANA,	RAKAN,	URGOT,	TAHM KENCH, VARUS,	ORNN, KAISA,	RYZE,	OLAF,	POPPY,	AATROX,	SION,	MAOKAI,	ALISTAR, KINDRED,	SKARNER
8_16,	SPY,	MSF,	RED,	DRAVEN,	GRAGAS,	KALISTA,	BRAUM,	RAKAN,	URGOT,	VARUS,	XAYAH, AATROX,	TAHM KENCH, SION,	ORNN,	RYZE,	OLAF,	SKARNER,	XIN ZHAO,	PYKE,	KINDRED, LEBLANC,	LISSANDRA
8_16,	MSF,	SPY,	RED,	GRAGAS,	DRAVEN,	VARUS,	KALISTA,	URGOT,	RAKAN,	KAISA,	BRAUM, RYZE,	ALISTAR, AATROX,	VAYNE,	AURELION SOL,	ORNN,	ZILEAN,	SKARNER,	SION,	MAOKAI, YASUO,	TRUNDLE
8_16,	G2,	SPY,	RED,	BRAUM,	SWAIN,	KAISA,	RYZE,	MORGANA,	OLAF,	RAKAN,	XAYAH, SKARNER,	ZAC, URGOT,	ALISTAR,	VARUS,	SION,	LEBLANC,	IRELIA,	MAOKAI,	EZREAL, CORKI,	ZOE
8_16,	G2,	SPY,	BLUE,	BRAUM,	SWAIN,	KAISA,	RYZE,	MORGANA,	RAKAN,	SKARNER,	XAYAH, ZAC,	TAHM KENCH, JHIN,	SION,	LEBLANC,	ALISTAR,	IRELIA,	PYKE,	ZILEAN,	AKALI, AATROX,	GALIO
8_16,	G2,	SPY,	RED,	KAISA,	SWAIN,	VARUS,	AKALI,	TRUNDLE,	RAKAN,	SKARNER,	BRAUM, OLAF,	TAHM KENCH, JHIN,	RYZE,	AATROX,	ORNN,	CASSIOPEIA,	VAYNE,	TRISTANA,	IRELIA, SION,	MAOKAI
8_16,	G2,	SPY,	BLUE,	KAISA,	SWAIN,	BRAUM,	AKALI,	TRUNDLE,	RAKAN,	OLAF,	GRAGAS, VARUS,	TAHM KENCH, RYZE,	CASSIOPEIA,	AATROX,	ALISTAR,	JHIN,	ORNN,	MORGANA,	HEIMERDINGER, IRELIA,	MAOKAI
8_16,	G2,	SPY,	BLUE,	KAISA,	AKALI,	BRAUM,	RAKAN,	TRUNDLE,	SWAIN,	OLAF,	TAHM KENCH, RYZE,	ALISTAR, HEIMERDINGER,	JHIN,	IRELIA,	GRAGAS,	CASSIOPEIA,	ORNN,	SKARNER,	URGOT, MALZAHAR,	SION
8_16,	S04,	G2,	RED,	HEIMERDINGER,	KAISA,	OLAF,	BRAUM,	URGOT,	SKARNER,	VARUS,	TAHM KENCH, ASHE,	ALISTAR, POPPY,	AATROX,	TRUNDLE,	AKALI,	JARVAN IV,	TALIYAH,	SEJUANI,	ZAC, RYZE,	CASSIOPEIA
8_16,	S04,	G2,	BLUE,	HEIMERDINGER,	KAISA,	AATROX,	BRAUM,	OLAF,	SKARNER,	URGOT,	VARUS, TAHM KENCH,	XAYAH, RAKAN,	SION,	JARVAN IV,	CASSIOPEIA,	TRUNDLE,	AKALI,	RYZE,	GRAGAS, MAOKAI,	POPPY
8_16,	S04,	G2,	RED,	HEIMERDINGER,	BRAUM,	OLAF,	ALISTAR,	AATROX,	URGOT,	RAKAN,	VARUS, SKARNER,	XAYAH, ORNN,	MORGANA,	ZAC,	AKALI,	SEJUANI,	RYZE,	SION,	TRUNDLE, LEBLANC,	CORKI
8_16,	G2,	S04,	BLUE,	BRAUM,	AATROX,	URGOT,	HEIMERDINGER,	TRUNDLE,	TAHM KENCH,	OLAF,	ALISTAR, KAISA,	XAYAH, RAKAN,	SKARNER,	SION,	LEBLANC,	ORNN,	AKALI,	CHOGATH,	GANGPLANK, CASSIOPEIA,	AZIR
8_14,	MSF,	UOL,	BLUE,	VLADIMIR,	TALIYAH,	HEIMERDINGER,	AATROX,	GRAGAS,	YASUO,	NOCTURNE,	KINDRED, RAKAN,	ORIANNA, MORGANA,	XAYAH,	LUCIAN,	RYZE,	GNAR,	GALIO,	ZOE,	DRAVEN, ORNN,	POPPY
8_14,	H2K,	ROC,	RED,	YASUO,	RAKAN,	GRAGAS,	TALIYAH,	NOCTURNE,	RYZE,	AATROX,	CAMILLE, ORIANNA,	KINDRED, MORGANA,	VARUS,	GALIO,	RUMBLE,	HEIMERDINGER,	SHEN,	TAHM KENCH,	KAISA, ALISTAR,	DR. MUNDO
8_14,	VIT,	GIA,	BLUE,	GRAGAS,	ZOE,	RAKAN,	AATROX,	NOCTURNE,	SWAIN,	KINDRED,	TALIYAH, RUMBLE,	LUCIAN, DR. MUNDO,	ALISTAR,	BRAUM,	YASUO,	MORGANA,	TALON,	EZREAL,	GALIO, TAHM KENCH,	CAMILLE
8_14,	G2,	SPY,	BLUE,	RAKAN,	AATROX,	ZOE,	NOCTURNE,	RUMBLE,	YASUO,	TALIYAH,	GRAGAS, TRUNDLE,	JARVAN IV, HEIMERDINGER,	SWAIN,	LEBLANC,	FIDDLESTICKS,	ORIANNA,	JHIN,	EZREAL,	RYZE, TAHM KENCH,	DR. MUNDO
8_14,	FNC,	S04,	BLUE,	ALISTAR,	AATROX,	RAKAN,	TALIYAH,	SWAIN,	PYKE,	NOCTURNE,	RYZE, FIDDLESTICKS,	SHEN, GRAGAS,	TRUNDLE,	HEIMERDINGER,	DR. MUNDO,	ZOE,	POPPY,	CHOGATH,	VIKTOR, ORIANNA,	YASUO
8_14,	ROC,	VIT,	RED,	HEIMERDINGER,	AATROX,	ZOE,	TALIYAH,	KINDRED,	RUMBLE,	NOCTURNE,	SWAIN, GALIO,	BRAUM, LUCIAN,	TRUNDLE,	GRAGAS,	ALISTAR,	GNAR,	PYKE,	RAKAN,	AZIR, VLADIMIR,	KLED
8_14,	GIA,	UOL,	RED,	ZOE,	TALIYAH,	DR. MUNDO,	AATROX,	TRUNDLE,	NOCTURNE,	GRAGAS,	RUMBLE, SEJUANI,	GNAR, ORIANNA,	YASUO,	LUCIAN,	ALISTAR,	RAKAN,	PYKE,	EZREAL,	VARUS, TAHM KENCH,	MORGANA
8_14,	FNC,	H2K,	BLUE,	RAKAN,	AATROX,	KINDRED,	NOCTURNE,	DRAVEN,	TALIYAH,	SWAIN,	GRAGAS, BRAUM,	TRUNDLE, PYKE,	LUCIAN,	ORIANNA,	GRAVES,	YASUO,	MORGANA,	CAMILLE,	POPPY, AZIR,	MALPHITE
8_14,	S04,	G2,	BLUE,	HEIMERDINGER,	TALIYAH,	BRAND,	NOCTURNE,	AATROX,	RAKAN,	ALISTAR,	GRAGAS, VLADIMIR,	RYZE, SEJUANI,	YASUO,	POPPY,	TRUNDLE,	CHOGATH,	GNAR,	PYKE,	ZED, RUMBLE,	DR. MUNDO
8_14,	SPY,	MSF,	BLUE,	YASUO,	NOCTURNE,	TALIYAH,	AATROX,	DR. MUNDO,	VLADIMIR,	GRAGAS,	MORGANA, ORIANNA,	TRUNDLE, ZOE,	GRAVES,	PYKE,	DRAVEN,	TAHM KENCH,	VARUS,	EZREAL,	JHIN, ZILEAN,	JARVAN IV
8_14,	UOL,	SPY,	RED,	ZOE,	PYKE,	RUMBLE,	YASUO,	AATROX,	NOCTURNE,	TALIYAH,	ORIANNA, TAHM KENCH,	RYZE, EZREAL,	KINDRED,	KENNEN,	JHIN,	JAYCE,	GNAR,	VARUS,	BRAUM, GRAGAS,	POPPY
8_14,	S04,	ROC,	BLUE,	CAMILLE,	NOCTURNE,	KINDRED,	TALIYAH,	TRUNDLE,	AATROX,	SEJUANI,	GRAGAS, TAHM KENCH,	BRAUM, RYZE,	ORIANNA,	ZED,	ASHE,	YASUO,	VARUS,	JHIN,	RUMBLE, EZREAL,	DR. MUNDO
8_14,	G2,	H2K,	BLUE,	RYZE,	HEIMERDINGER,	KINDRED,	ORIANNA,	NOCTURNE,	YASUO,	TALIYAH,	SWAIN, TRUNDLE,	TAHM KENCH, ASHE,	VLADIMIR,	AZIR,	CAMILLE,	CASSIOPEIA,	PYKE,	GRAVES,	GNAR, LEBLANC,	MALPHITE
8_14,	MSF,	GIA,	RED,	TRUNDLE,	AATROX,	TAHM KENCH,	NOCTURNE,	ZOE,	YASUO,	AZIR,	RYZE, TALIYAH,	XAYAH, RAKAN,	EZREAL,	KINDRED,	RUMBLE,	SEJUANI,	DR. MUNDO,	BRAUM,	ORNN, RENGAR,	POPPY
8_14,	VIT,	FNC,	BLUE,	PYKE,	AATROX,	SWAIN,	TALIYAH,	KINDRED,	ORIANNA,	TRUNDLE,	NOCTURNE, GALIO,	RAKAN, XAYAH,	ALISTAR,	RUMBLE,	GNAR,	DR. MUNDO,	VIKTOR,	VLADIMIR,	RYZE, GRAGAS,	AZIR
8_14,	ROC,	GIA,	RED,	TAHM KENCH,	DR. MUNDO,	AATROX,	RAKAN,	NOCTURNE,	TALIYAH,	TRUNDLE,	RUMBLE, BRAUM,	GNAR, ORIANNA,	YASUO,	ALISTAR,	GRAGAS,	JHIN,	SEJUANI,	EZREAL,	KAISA, MORGANA,	KINDRED
8_14,	H2K,	SPY,	BLUE,	ZOE,	TALIYAH,	TAHM KENCH,	NOCTURNE,	RAKAN,	AATROX,	TRUNDLE,	ORIANNA, KINDRED,	AZIR, SWAIN,	RUMBLE,	ELISE,	LUCIAN,	DR. MUNDO,	VARUS,	PYKE,	ALISTAR, GNAR,	EZREAL
8_14,	VIT,	UOL,	BLUE,	TAHM KENCH,	AATROX,	ZOE,	TALIYAH,	RYZE,	KINDRED,	TRUNDLE,	GRAGAS, ORIANNA,	RAKAN, GALIO,	KENNEN,	XAYAH,	DARIUS,	VARUS,	RUMBLE,	ALISTAR,	JARVAN IV, SWAIN,	YASUO
8_14,	G2,	FNC,	RED,	SWAIN,	AATROX,	PYKE,	TALIYAH,	TRUNDLE,	HEIMERDINGER,	NOCTURNE,	RAKAN, SEJUANI,	TAHM KENCH, VARUS,	YASUO,	LEBLANC,	XAYAH,	ZED,	GRAGAS,	VLADIMIR,	GNAR, ORIANNA,	ORNN
8_14,	MSF,	S04,	RED,	RYZE,	NOCTURNE,	YASUO,	TALIYAH,	SWAIN,	AATROX,	VLADIMIR,	SEJUANI, ALISTAR,	TRUNDLE, GALIO,	GNAR,	KENNEN,	ZED,	RAKAN,	EZREAL,	VELKOZ,	SHEN, CAMILLE,	LUCIAN
8_15,	ROC,	SPY,	RED,	ZOE,	TALIYAH,	RUMBLE,	RAKAN,	AATROX,	NOCTURNE,	VARUS,	TRUNDLE, TAHM KENCH,	SEJUANI, BRAUM,	GNAR,	KENNEN,	RYZE,	ORIANNA,	EZREAL,	ASHE,	AZIR, ORNN,	LEBLANC
8_15,	H2K,	MSF,	RED,	DRAVEN,	TALIYAH,	TAHM KENCH,	AATROX,	RAKAN,	NOCTURNE,	TRUNDLE,	GRAGAS, BRAUM,	RYZE, GNAR,	SYNDRA,	EZREAL,	KENNEN,	LUCIAN,	CAMILLE,	GANGPLANK,	FIZZ, ALISTAR,	KAISA
8_15,	UOL,	G2,	RED,	TRUNDLE,	TALIYAH,	ASHE,	NOCTURNE,	AZIR,	RUMBLE,	AATROX,	VARUS, SEJUANI,	RYZE, TAHM KENCH,	BRAUM,	EZREAL,	IRELIA,	KINDRED,	LOSS_OF_BAN,	CAMILLE,	JHIN, GRAGAS,	AKALI
8_15,	FNC,	GIA,	BLUE,	RUMBLE,	AATROX,	NOCTURNE,	YASUO,	TALIYAH,	RAKAN,	PYKE,	RYZE, TAHM KENCH,	EZREAL, AKALI,	JHIN,	SEJUANI,	GNAR,	KINDRED,	POPPY,	TRUNDLE,	ELISE, ORNN,	GRAGAS
8_15,	S04,	VIT,	BLUE,	TRUNDLE,	AATROX,	RYZE,	SEJUANI,	GALIO,	ALISTAR,	AKALI,	TALIYAH, RAKAN,	NOCTURNE, BRAUM,	XAYAH,	LUCIAN,	GNAR,	RUMBLE,	KENNEN,	GRAGAS,	POPPY, EZREAL,	DARIUS
8_15,	VIT,	H2K,	BLUE,	FIZZ,	TRUNDLE,	NOCTURNE,	RAKAN,	AATROX,	AKALI,	TALIYAH,	TAHM KENCH, RYZE,	ALISTAR, GALIO,	SEJUANI,	CAMILLE,	DARIUS,	GRAGAS,	YASUO,	GNAR,	JARVAN IV, MISS FORTUNE,	DRAVEN
8_15,	ROC,	UOL,	RED,	RYZE,	TALIYAH,	DR. MUNDO,	VARUS,	AKALI,	TRUNDLE,	AATROX,	TAHM KENCH, SEJUANI,	CAMILLE, RUMBLE,	KENNEN,	RAKAN,	ZOE,	SHEN,	TALON,	IRELIA,	EZREAL, PYKE,	KAISA
8_15,	S04,	GIA,	BLUE,	RYZE,	AATROX,	TRUNDLE,	AKALI,	TALIYAH,	NOCTURNE,	SEJUANI,	GRAGAS, TAHM KENCH,	BRAUM, EZREAL,	GNAR,	KENNEN,	VARUS,	CAMILLE,	JHIN,	LUCIAN,	POPPY, ORIANNA,	AZIR
8_15,	G2,	MSF,	BLUE,	BRAUM,	TALIYAH,	NOCTURNE,	AKALI,	MORGANA,	AATROX,	RAKAN,	TRUNDLE, RYZE,	XAYAH, GRAGAS,	TAHM KENCH,	ORIANNA,	GANGPLANK,	LEBLANC,	EZREAL,	KAISA,	GNAR, YASUO,	KENNEN
8_15,	FNC,	SPY,	BLUE,	TRUNDLE,	AKALI,	AATROX,	YASUO,	TALIYAH,	NOCTURNE,	SEJUANI,	RYZE, TAHM KENCH,	SWAIN, PYKE,	VARUS,	IRELIA,	RUMBLE,	ORNN,	KENNEN,	SKARNER,	GRAGAS, WUKONG,	ZOE
8_15,	H2K,	UOL,	RED,	RYZE,	AATROX,	RAKAN,	TALIYAH,	TRUNDLE,	AKALI,	NOCTURNE,	TAHM KENCH, SEJUANI,	GNAR, ORIANNA,	IRELIA,	BRAUM,	VARUS,	PYKE,	KENNEN,	MALPHITE,	VAYNE, LULU,	KAISA
8_15,	S04,	SPY,	BLUE,	TRUNDLE,	NOCTURNE,	TALIYAH,	AKALI,	ZAC,	AATROX,	SEJUANI,	VARUS, YASUO,	ALISTAR, VLADIMIR,	GRAGAS,	KENNEN,	TAHM KENCH,	POPPY,	GNAR,	BRAUM,	CHOGATH, EZREAL,	DR. MUNDO
8_15,	GIA,	G2,	RED,	VARUS,	TALIYAH,	LEBLANC,	NOCTURNE,	AATROX,	AKALI,	RYZE,	ASHE, TAHM KENCH,	EZREAL, BRAUM,	SEJUANI,	TRUNDLE,	YASUO,	KINDRED,	CAMILLE,	CHOGATH,	OLAF, GNAR,	ZOE
8_15,	FNC,	ROC,	BLUE,	CAMILLE,	AKALI,	VARUS,	PYKE,	TALIYAH,	AATROX,	RAKAN,	EZREAL, LEONA,	XAYAH, SEJUANI,	RUMBLE,	DR. MUNDO,	TRUNDLE,	GNAR,	OLAF,	KINDRED,	ORNN, LEBLANC,	LISSANDRA
8_15,	MSF,	VIT,	RED,	RYZE,	RAKAN,	GALIO,	TALIYAH,	TRUNDLE,	AATROX,	AKALI,	GRAGAS, BRAUM,	SEJUANI, VARUS,	LEBLANC,	GNAR,	JHIN,	TAHM KENCH,	MISS FORTUNE,	DRAVEN,	THRESH, CHOGATH,	OLAF
8_15,	GIA,	SPY,	RED,	ZOE,	OLAF,	TAHM KENCH,	TALIYAH,	AATROX,	NOCTURNE,	AKALI,	VARUS, LEBLANC,	SEJUANI, LUCIAN,	TRUNDLE,	MORGANA,	RAKAN,	ALISTAR,	DR. MUNDO,	BRAUM,	RUMBLE, JANNA,	GNAR
8_15,	H2K,	S04,	BLUE,	POPPY,	TALIYAH,	BRAUM,	NOCTURNE,	SEJUANI,	DRAVEN,	TRUNDLE,	AATROX, GRAGAS,	TAHM KENCH, AKALI,	VARUS,	GNAR,	LEBLANC,	JHIN,	SHEN,	RAKAN,	EZREAL, FIORA,	RYZE
8_15,	MSF,	ROC,	RED,	RUMBLE,	RAKAN,	TRUNDLE,	AKALI,	BRAUM,	AATROX,	VARUS,	ASHE, TAHM KENCH,	TALIYAH, PYKE,	OLAF,	YASUO,	GNAR,	RYZE,	LISSANDRA,	DR. MUNDO,	LEBLANC, CHOGATH,	TWISTED FATE
8_15,	FNC,	UOL,	RED,	TRUNDLE,	AKALI,	AATROX,	RAKAN,	TALIYAH,	SEJUANI,	PYKE,	BRAUM, KAISA,	EZREAL, KINDRED,	GRAGAS,	AZIR,	QUINN,	LEBLANC,	RYZE,	IRELIA,	CHOGATH, FIZZ,	KENNEN
8_15,	VIT,	G2,	BLUE,	VARUS,	TALIYAH,	AKALI,	RAKAN,	AATROX,	GALIO,	GRAGAS,	TRUNDLE, BRAUM,	ALISTAR, KINDRED,	EZREAL,	RYZE,	YASUO,	LEBLANC,	RUMBLE,	JARVAN IV,	ZOE, KAISA,	ORIANNA
8_15,	S04,	VIT,	RED,	TALIYAH,	AKALI,	RAKAN,	AATROX,	KINDRED,	SEJUANI,	BRAUM,	TRUNDLE, VARUS,	GRAGAS, EZREAL,	RYZE,	YASUO,	ALISTAR,	RUMBLE,	KENNEN,	THRESH,	GNAR, VELKOZ,	JARVAN IV
8_15,	G2,	VIT,	RED,	TRUNDLE,	AKALI,	OLAF,	AATROX,	RYZE,	TALIYAH,	GRAGAS,	BRAUM, EZREAL,	RAKAN, XAYAH,	GALIO,	YASUO,	NOCTURNE,	LUCIAN,	KINDRED,	POPPY,	ZOE, CHOGATH,	JARVAN IV
8_15,	G2,	S04,	RED,	BRAUM,	AKALI,	ALISTAR,	AATROX,	EZREAL,	RAKAN,	TALIYAH,	RYZE, OLAF,	VARUS, TAHM KENCH,	LULU,	GNAR,	KAISA,	YASUO,	LUCIAN,	ASHE,	ORNN, FIZZ,	POPPY
8_16,	SPY,	S04,	RED,	AKALI,	VARUS,	SEJUANI,	SION,	ALISTAR,	YASUO,	BRAUM,	RYZE, TRUNDLE,	GRAGAS, EZREAL,	SHEN,	IRELIA,	CHOGATH,	CASSIOPEIA,	FIZZ,	KAISA,	GNAR, SYNDRA,	MAOKAI
8_16,	S04,	SPY,	RED,	VARUS,	SHEN,	RYZE,	ALISTAR,	AKALI,	SEJUANI,	BRAUM,	SION, TRUNDLE,	LEBLANC, EZREAL,	MORGANA,	KINDRED,	KAISA,	CHOGATH,	JHIN,	VAYNE,	POPPY, GRAGAS,	CASSIOPEIA
8_16,	SPY,	S04,	BLUE,	SHEN,	VARUS,	AKALI,	SION,	SEJUANI,	TRUNDLE,	RYZE,	OLAF, BRAUM,	GRAGAS, MORGANA,	SYNDRA,	JHIN,	CHOGATH,	VAYNE,	POPPY,	EZREAL,	KAISA, GNAR,	MAOKAI
8_16,	S04,	SPY,	BLUE,	VARUS,	SHEN,	SION,	SEJUANI,	RYZE,	LEBLANC,	AKALI,	GRAGAS, BRAUM,	TRUNDLE, ALISTAR,	VEIGAR,	CHOGATH,	GNAR,	POPPY,	EZREAL,	ORNN,	KAISA, MAOKAI,	KOGMAW
8_16,	S04,	SPY,	BLUE,	VARUS,	AKALI,	SION,	SEJUANI,	TRUNDLE,	SHEN,	RYZE,	GRAGAS, MORGANA,	BRAUM, KAISA,	GNAR,	CHOGATH,	CASSIOPEIA,	MAOKAI,	JHIN,	TRISTANA,	POPPY, JARVAN IV,	ZOE
8_16,	MSF,	G2,	BLUE,	RYZE,	RAKAN,	HEIMERDINGER,	VARUS,	AKALI,	OLAF,	ALISTAR,	GRAGAS, BRAUM,	SKARNER, KALISTA,	LEBLANC,	GALIO,	EZREAL,	RUMBLE,	AATROX,	GANGPLANK,	CHOGATH, TWISTED FATE,	KOGMAW
8_16,	G2,	MSF,	RED,	KALISTA,	AKALI,	RAKAN,	HEIMERDINGER,	TRUNDLE,	OLAF,	RYZE,	BRAUM, EZREAL,	VARUS, MORGANA,	CHOGATH,	AATROX,	IRELIA,	GNAR,	NOCTURNE,	GRAGAS,	SEJUANI, SION,	MALZAHAR
8_16,	G2,	MSF,	RED,	KALISTA,	AKALI,	RAKAN,	HEIMERDINGER,	CHOGATH,	OLAF,	VARUS,	BRAUM, DRAVEN,	ALISTAR, SION,	DR. MUNDO,	SEJUANI,	TRUNDLE,	SKARNER,	GRAGAS,	POPPY,	NOCTURNE, RYZE,	MALZAHAR
8_16,	S04,	VIT,	BLUE,	OLAF,	AKALI,	RYZE,	BRAUM,	THRESH,	ALISTAR,	SHEN,	POPPY, VARUS,	SKARNER, EZREAL,	TRUNDLE,	LEBLANC,	MORGANA,	YASUO,	RAKAN,	GALIO,	CASSIOPEIA, MAOKAI,	KLED
8_16,	S04,	VIT,	BLUE,	OLAF,	AKALI,	RYZE,	BRAUM,	THRESH,	ALISTAR,	SHEN,	POPPY, VARUS,	SKARNER, EZREAL,	TRUNDLE,	LEBLANC,	MORGANA,	CASSIOPEIA,	GALIO,	TALIYAH,	IRELIA, RUMBLE,	ORNN
8_16,	S04,	VIT,	RED,	OLAF,	AKALI,	RYZE,	SKARNER,	VARUS,	EZREAL,	ALISTAR,	BRAUM, KINDRED,	POPPY, KAISA,	DRAVEN,	MAOKAI,	LEBLANC,	YASUO,	ZILEAN,	SION,	CHOGATH, IRELIA,	GALIO
8_16,	VIT,	S04,	RED,	EZREAL,	OLAF,	SKARNER,	KINDRED,	AKALI,	VARUS,	BRAUM,	ALISTAR, TRUNDLE,	DRAVEN, GALIO,	JHIN,	SION,	CASSIOPEIA,	CAMILLE,	RYZE,	LEBLANC,	GRAVES, JARVAN IV,	POPPY
8_16,	FNC,	MSF,	BLUE,	DRAVEN,	AKALI,	RAKAN,	SEJUANI,	OLAF,	PYKE,	SKARNER,	ALISTAR, KALISTA,	BRAUM, TRISTANA,	CHOGATH,	IRELIA,	MALZAHAR,	LEBLANC,	VELKOZ,	IVERN,	CASSIOPEIA, ORNN,	ORIANNA
8_16,	FNC,	MSF,	RED,	DRAVEN,	AKALI,	RAKAN,	SEJUANI,	OLAF,	SKARNER,	BRAUM,	ALISTAR, KALISTA,	TRISTANA, SION,	MAOKAI,	CASSIOPEIA,	MALZAHAR,	RYZE,	TWISTED FATE,	LULU,	GRAGAS, CORKI,	KINDRED
8_16,	MSF,	FNC,	RED,	AKALI,	DRAVEN,	SEJUANI,	RAKAN,	SKARNER,	KALISTA,	TRISTANA,	BRAUM, SIVIR,	OLAF, ALISTAR,	TRUNDLE,	MALZAHAR,	CASSIOPEIA,	LULU,	YASUO,	CHOGATH,	GALIO, SION,	VAYNE
8_16,	MSF,	FNC,	RED,	AKALI,	DRAVEN,	SEJUANI,	RAKAN,	SKARNER,	KALISTA,	TRISTANA,	SIVIR, ALISTAR,	BRAUM, SION,	TRUNDLE,	KINDRED,	CASSIOPEIA,	MALZAHAR,	YASUO,	MAOKAI,	LULU, XIN ZHAO,	LEBLANC
8_16,	MSF,	VIT,	BLUE,	OLAF,	URGOT,	DRAVEN,	KALISTA,	THRESH,	MALZAHAR,	RAKAN,	LEONA, EZREAL,	XAYAH, CHOGATH,	KINDRED,	XIN ZHAO,	RYZE,	GALIO,	AKALI,	SION,	LULU, GRAVES,	SYNDRA
8_16,	VIT,	MSF,	BLUE,	KALISTA,	OLAF,	RAKAN,	THRESH,	URGOT,	DRAVEN,	ALISTAR,	EZREAL, BRAUM,	KAISA, SION,	CHOGATH,	RYZE,	GRAVES,	SYNDRA,	TRUNDLE,	MALZAHAR,	ZILEAN, KINDRED,	EVELYNN
8_16,	MSF,	VIT,	RED,	OLAF,	URGOT,	DRAVEN,	RAKAN,	THRESH,	KALISTA,	ALISTAR,	BRAUM, KAISA,	TRISTANA, CHOGATH,	SION,	TRUNDLE,	ZILEAN,	SKARNER,	RYZE,	GRAGAS,	SEJUANI, YASUO,	LEBLANC
8_16,	MSF,	VIT,	RED,	OLAF,	URGOT,	DRAVEN,	RAKAN,	KAISA,	KALISTA,	ALISTAR,	EZREAL, BRAUM,	VARUS, SION,	GRAGAS,	SKARNER,	ZILEAN,	SEJUANI,	LEBLANC,	ORNN,	KINDRED, LULU,	RYZE
8_16,	FNC,	S04,	RED,	POPPY,	TRISTANA,	ALISTAR,	OLAF,	RUMBLE,	URGOT,	AKALI,	BRAUM, SKARNER,	SHEN, KAISA,	VARUS,	SION,	LEBLANC,	SEJUANI,	ZILEAN,	CHOGATH,	TRUNDLE, GANGPLANK,	LISSANDRA
8_16,	S04,	FNC,	RED,	TRISTANA,	ALISTAR,	OLAF,	SKARNER,	URGOT,	AKALI,	BRAUM,	SHEN, KAISA,	VARUS, CHOGATH,	SION,	GRAGAS,	LEBLANC,	ZILEAN,	IRELIA,	TRUNDLE,	SEJUANI, YASUO,	CASSIOPEIA
8_16,	FNC,	S04,	BLUE,	ALISTAR,	TRISTANA,	AKALI,	URGOT,	BRAUM,	SKARNER,	KAISA,	SHEN, EZREAL,	ORNN, PYKE,	LEBLANC,	RYZE,	CHOGATH,	CORKI,	POPPY,	SEJUANI,	TRUNDLE, MALZAHAR,	GNAR
8_16,	FNC,	S04,	BLUE,	ALISTAR,	TRISTANA,	BRAUM,	SKARNER,	AKALI,	KAISA,	ORNN,	CHOGATH, SHEN,	XAYAH, RAKAN,	EZREAL,	TRUNDLE,	SEJUANI,	OLAF,	LEBLANC,	GRAGAS,	RYZE, ZAC,	IRELIA
8_15,	GEN,	SKT,	RED,	AKALI,	AATROX,	CAMILLE,	RAKAN,	GRAGAS,	TAHM KENCH,	URGOT,	ALISTAR, TALIYAH,	VARUS, BRAUM,	ORNN,	LEBLANC,	IRELIA,	OLAF,	YASUO,	KAISA,	XIN ZHAO, GALIO,	AZIR
8_15,	GEN,	SKT,	BLUE,	AKALI,	AATROX,	TALIYAH,	RAKAN,	URGOT,	GRAGAS,	ALISTAR,	BRAUM, ORNN,	KAISA, GNAR,	SEJUANI,	OLAF,	IRELIA,	ZAC,	YASUO,	TWITCH,	ZOE, TRUNDLE,	LULU
8_15,	GEN,	SKT,	RED,	AKALI,	AATROX,	TALIYAH,	RAKAN,	URGOT,	GRAGAS,	ALISTAR,	TAHM KENCH, ASHE,	KAISA, GNAR,	KINDRED,	ZOE,	LEBLANC,	OLAF,	AZIR,	ORNN,	XIN ZHAO, VELKOZ,	IRELIA
8_15,	GEN,	SKT,	BLUE,	IRELIA,	AATROX,	URGOT,	RAKAN,	OLAF,	TALIYAH,	GRAGAS,	TAHM KENCH, ORNN,	BRAUM, ASHE,	KINDRED,	ZOE,	VARUS,	GANGPLANK,	AKALI,	EZREAL,	CAMILLE, RYZE,	VELKOZ
8_15,	GEN,	SKT,	BLUE,	IRELIA,	AATROX,	URGOT,	RAKAN,	OLAF,	TALIYAH,	GRAGAS,	TAHM KENCH, ASHE,	BRAUM, VARUS,	AKALI,	GALIO,	KINDRED,	KENNEN,	SEJUANI,	GNAR,	GANGPLANK, LISSANDRA,	TRUNDLE
8_15,	GRF,	GEN,	BLUE,	ASHE,	YASUO,	RYZE,	TALIYAH,	VARUS,	TAHM KENCH,	URGOT,	AATROX, KAISA,	XAYAH, RAKAN,	ALISTAR,	GALIO,	LEBLANC,	IRELIA,	MALZAHAR,	GRAGAS,	OLAF, ZOE,	LISSANDRA
8_15,	GRF,	GEN,	RED,	RYZE,	YASUO,	ASHE,	TALIYAH,	VARUS,	TAHM KENCH,	URGOT,	AATROX, RAKAN,	CAITLYN, MORGANA,	XAYAH,	GALIO,	LEBLANC,	ZOE,	LULU,	GRAGAS,	IRELIA, NIDALEE,	LISSANDRA
8_15,	GRF,	GEN,	RED,	RYZE,	YASUO,	ASHE,	TALIYAH,	VARUS,	TAHM KENCH,	URGOT,	AATROX, RAKAN,	CAITLYN, MORGANA,	XAYAH,	ZOE,	LEBLANC,	GALIO,	LULU,	GRAGAS,	IRELIA, OLAF,	LISSANDRA
8_15,	GRF,	GEN,	BLUE,	RYZE,	YASUO,	ASHE,	TALIYAH,	VARUS,	TAHM KENCH,	AATROX,	URGOT, RAKAN,	ALISTAR, KAISA,	XAYAH,	ZOE,	LISSANDRA,	GALIO,	LEBLANC,	GRAGAS,	ORNN, SEJUANI,	VELKOZ
8_15,	GRF,	GEN,	RED,	ASHE,	TALIYAH,	VARUS,	KAISA,	RYZE,	AATROX,	URGOT,	RAKAN, XAYAH,	SHEN, VLADIMIR,	ZOE,	GALIO,	GRAGAS,	IRELIA,	CAMILLE,	GNAR,	YASUO, SEJUANI,	TRUNDLE
8_15,	GEN,	KZ,	BLUE,	IRELIA,	LISSANDRA,	TAHM KENCH,	CAMILLE,	TALIYAH,	RAKAN,	AATROX,	URGOT, ZOE,	MALZAHAR, ALISTAR,	GRAGAS,	VARUS,	ASHE,	SIVIR,	BRAUM,	KAISA,	TRISTANA, OLAF,	TRUNDLE
8_15,	GEN,	KZ,	BLUE,	IRELIA,	CAMILLE,	TAHM KENCH,	MALZAHAR,	TALIYAH,	ALISTAR,	AATROX,	XAYAH, RAKAN,	VARUS, ZOE,	YASUO,	BRAUM,	GRAGAS,	MORGANA,	TRUNDLE,	OLAF,	SHEN, LEE SIN,	URGOT
8_15,	GEN,	KZ,	BLUE,	TAHM KENCH,	MALZAHAR,	TALIYAH,	ALISTAR,	CAMILLE,	AATROX,	ZOE,	XAYAH, RAKAN,	VARUS, BRAUM,	AKALI,	LEE SIN,	GALIO,	URGOT,	IRELIA,	OLAF,	GRAGAS, GANGPLANK,	CHOGATH
8_14,JAG,GRF,RED,SHEN,TALIYAH,TRUNDLE,RAKAN,MORGANA,AATROX,TAHM KENCH,ORIANNA,KINDRED,SEJUANI,EZREAL,SORAKA,YASUO,LEBLANC,VARUS,AZIR,GANGPLANK,TEEMO,KARMA,JAYCE
8_14,GRF,JAG,RED,TAHM KENCH,AATROX,RAKAN,TALIYAH,ALISTAR,SHEN,ORIANNA,TRUNDLE,ELISE,EZREAL,JAYCE,MALPHITE,AZIR,VARUS,MORGANA,SORAKA,PYKE,BRAUM,DR. MUNDO,LEBLANC
8_14,JAG,GRF,BLUE,SHEN,AATROX,TRUNDLE,TALIYAH,YASUO,RAKAN,ORIANNA,ZOE,TAHM KENCH,SEJUANI,SKARNER,MORGANA,GANGPLANK,VARUS,EZREAL,ASHE,GNAR,KAISA,JHIN,CHOGATH
8_14,KZ,HLE,RED,ORIANNA,AATROX,SHEN,RAKAN,ZOE,TALIYAH,TAHM KENCH,EZREAL,VARUS,TRUNDLE,RYZE,BRAUM,SWAIN,KINDRED,SYNDRA,NOCTURNE,GNAR,VELKOZ,GRAGAS,GANGPLANK
8_14,HLE,KZ,RED,RAKAN,AATROX,SHEN,TALIYAH,TAHM KENCH,ORIANNA,EZREAL,VARUS,TRUNDLE,GRAGAS,BRAUM,ZOE,MORGANA,TALON,DARIUS,LEBLANC,GALIO,ALISTAR,CAMILLE,GANGPLANK
8_14,KZ,HLE,BLUE,ORIANNA,AATROX,SHEN,RAKAN,KALISTA,TALIYAH,EZREAL,TAHM KENCH,TRUNDLE,ZOE,AURELION SOL,KINDRED,VARUS,BRAUM,JHIN,ALISTAR,SORAKA,KAISA,GANGPLANK,ORNN
8_14,BBQ,GEN,RED,EZREAL,AATROX,ZOE,TALIYAH,GALIO,AZIR,VARUS,TRUNDLE,TAHM KENCH,ORIANNA,GRAGAS,ASHE,BRAUM,JAYCE,RAKAN,GANGPLANK,GNAR,ALISTAR,CORKI,KENNEN
8_14,GEN,BBQ,BLUE,AZIR,AATROX,KINDRED,TRUNDLE,JAYCE,TALIYAH,SEJUANI,VARUS,ORIANNA,ZOE,ASHE,GRAGAS,GANGPLANK,CAMILLE,GNAR,BRAUM,ALISTAR,TAHM KENCH,KENNEN,RUMBLE
8_14,SKT,AFS,BLUE,ALISTAR,AATROX,RAKAN,TALIYAH,ZOE,TAHM KENCH,SEJUANI,TRUNDLE,EZREAL,MORGANA,SHEN,JAYCE,ASHE,CAMILLE,KAISA,ORIANNA,SWAIN,JHIN,KENNEN,ANIVIA
8_14,AFS,SKT,BLUE,EZREAL,AATROX,TAHM KENCH,TALIYAH,MORGANA,RAKAN,SWAIN,ORIANNA,GRAGAS,ALISTAR,YASUO,TRUNDLE,KENNEN,DARIUS,DR. MUND,GNAR,SHEN,GANGPLANK,VLADIMIR,XAYAH
8_14,SKT,AFS,RED,YASUO,AATROX,SWAIN,TALIYAH,RAKAN,EZREAL,TAHM KENCH,VARUS,ASHE,ALISTAR,GRAGAS,ZAC,GNAR,KENNEN,CAMILLE,VLADIMIR,RYZE,GANGPLANK,JAYCE,VELKOZ
8_14,HLE,MVP,BLUE,RAKAN,AATROX,TAHM KENCH,TALIYAH,GALIO,TRUNDLE,SHEN,SEJUANI,EZREAL,BRAUM,SKARNER,ORIANNA,KALISTA,YASUO,TRISTANA,LEBLANC,RYZE,VARUS,CAMILLE,CHOGATH
8_14,MVP,HLE,RED,RYZE,AATROX,SHEN,RAKAN,KINDRED,TALIYAH,TRUNDLE,TAHM KENCH,BRAUM,SKARNER,EZREAL,JHIN,ORIANNA,LEBLANC,ZOE,YASUO,XERATH,AZIR,GANGPLANK,VLADIMIR
8_14,JAG,KT,BLUE,YASUO,AATROX,RAKAN,TALIYAH,LEBLANC,TAHM KENCH,SHEN,ALISTAR,ORIANNA,TRUNDLE,KINDRED,RYZ,GANGPLANK,JHIN,VARUS,EZREAL,KENNEN,KAISA,VLADIMIR,GNAR
8_14,KT,JAG,BLUE,TAHM KENCH,AATROX,MORGANA,TALIYAH,ZOE,SHEN,RAKAN,XAYAH,GRAGAS,TRUNDLE,TRISTANA,ORIANNA,GANGPLANK,YASUO,CAMILLE,AZIR,KENNEN,ALISTAR,RYZE,VLADIMIR
8_14,JAG,KT,RED,YASUO,AATROX,RAKAN,TALIYAH,RYZE,TAHM KENCH,SHEN,VARUS,EZREAL,MORGANA,ORIANNA,AZIR,TRUNDLE,CAMILLE,GRAGAS,KENNEN,SKARNER,SEJUANI,GANGPLANK,GNAR
8_14,SKT,GRF,RED,SHEN,TALIYAH,MORGANA,AATROX,YASUO,ASHE,TAHM KENCH,TRUNDLE,KINDRED,BRAUM,VARUS,KAISA,GNAR,KENNEN,LEBLANC,DARIUS,ORNN,CHOGATH,SWAIN,RYZE
8_14,GRF,SKT,BLUE,XAYAH,SHEN,SYNDRA,AATROX,KINDRED,TALIYAH,TRUNDLE,JAYCE,RYZE,TAHM KENCH,PYKE,ORIANNA,ELISE,GNAR,VARUS,MALPHITE,CHOGATH,GRAGAS,KAISA,EZREAL
8_14,GEN,JAG,BLUE,KINDRED,ASHE,LEBLANC,RAKAN,TALIYAH,AATROX,TRUNDLE,TAHM KENCH,VARUS,ORIANNA,ZOE,JHIN,SKARNER,BRAUM,SEJUANI,SORAKA,GNAR,NOCTURNE,ALISTAR,KENNEN
8_14,JAG,GEN,BLUE,ASHE,AATROX,VARUS,TALIYAH,RAKAN,KINDRED,TRUNDLE,SEJUANI,BRAUM,KAISA,CAITLYN,ORIANNA,CAMILLE,LEBLANC,ALISTAR,YASUO,GNAR,TAHM KENCH,SWAIN,KENNEN
8_14,GEN,JAG,BLUE,KINDRED,RAKAN,SWAIN,TRUNDLE,TALIYAH,AATROX,TAHM KENCH,GRAGAS,SEJUANI,BRAUM,ASHE,VARUS,GNAR,GANGPLANK,JAYCE,CAMILLE,CHOGATH,KENNEN,ZOE,ORIANNA
8_14,AFS,HLE,RED,MORGANA,AATROX,TAHM KENCH,TALIYAH,SHEN,YASUO,RAKAN,TRUNDLE,GRAGAS,LEONA,EZREAL,RYZE,KALISTA,VELKOZ,GANGPLANK,ZOE,GNAR,KAISA,ANIVIA,KENNEN
8_14,HLE,AFS,RED,YASUO,AATROX,GALIO,TALIYAH,ZOE,SHEN,TAHM KENCH,ALISTAR,JHIN,VARUS,RYZE,VELKOZ,DARIUS,CAMILLE,GANGPLANK,TRUNDLE,SKARNER,GRAGAS,CHOGATH,GNAR
8_14,AFS,HLE,RED,TAHM KENCH,AATROX,MORGANA,TALIYAH,RAKAN,YASUO,SHEN,TRUNDLE,CAMILLE,ALISTAR,RYZE,ZOE,DR. MUNDO,GALIO,EZREAL,LEBLANC,VARUS,KAISA,MALZAHAR,CHOGATH
8_14,KZ,BBQ,BLUE,MORGANA,AATROX,ALISTAR,RYZE,KINDRED,TALIYAH,TAHM KENCH,VARUS,GRAGAS,TRUNDLE,ASHE,AZIR,GANGPLANK,ZOE,GNAR,XERATH,CAMILLE,JAYCE,AURELION SOL,BRAUM
8_14,BBQ,KZ,RED,CAMILLE,AATROX,TRUNDLE,TALIYAH,JAYCE,EZREAL,VARUS,TAHM KENCH,SEJUANI,RYZE,ALISTAR,ASHE,GNAR,KENNEN,DARIUS,CHOGATH,AZIR,ZAC,DR. MUNDO,GANGPLANK
8_14,GEN,MVP,BLUE,KINDRED,EZREAL,RYZE,TRUNDLE,TALIYAH,AATROX,TAHM KENCH,ALISTAR,ASHE,KAISA,ZOE,ORIANNA,GANGPLANK,CAMILLE,SEJUANI,OLAF,GRAGAS,SKARNER,GNAR,KENNEN
8_14,MVP,GEN,RED,RAKAN,TALIYAH,TAHM KENCH,AATROX,TRUNDLE,RYZE,ORIANNA,ZOE,MORGANA,SEJUANI,VARUS,ASHE,SORAKA,GRAGAS,CAMILLE,ZAC,GANGPLANK,BRAUM,AMUMU,GNAR
8_14,HLE,KT,RED,SHEN,AATROX,RAKAN,TALIYAH,SEJUANI,ZOE,VARUS,TAHM KENCH,TRUNDLE,ASHE,BRAUM,AZIR,GRAGAS,RYZE,DARIUS,XERATH,CHOGATH,KINDRED,LEBLANC,KENNEN
8_14,KT,HLE,BLUE,RYZE,AATROX,BRAUM,TALIYAH,ZOE,AZIR,TAHM KENCH,VARUS,EZREAL,ALISTAR,GRAGAS,TRUNDLE,CAMILLE,KENNEN,SWAIN,GNAR,JAYCE,GANGPLANK,LEBLANC,MALZAHAR
8_14,AFS,JAG,BLUE,MORGANA,RAKAN,TAHM KENCH,SHEN,BRAUM,PYKE,AATROX,TALIYAH,GRAGAS,ALISTAR,SWAIN,RYZE,CHOGATH,VELKOZ,GANGPLANK,CAMILLE,OLAF,GNAR,KENNEN,EZREAL
8_14,JAF,AFS,RED,RAKAN,AATROX,ALISTAR,TALIYAH,MORGANA,SHEN,TAHM KENCH,VARUS,ASHE,BRAUM,GRAGAS,SEJUANI,GANGPLANK,ZOE,YASUO,LEBLANC,SYNDRA,AZIR,KENNEN,RYZE
8_14,GRF,BBQ,BLUE,ORIANNA,AATROX,ALISTAR,TALIYAH,SYNDRA,JAYCE,TAHM KENCH,RYZE,ZOE,VARUS,KAISA,TRUNDLE,KENNEN,KINDRED,CAMILLE,GNAR,GRAVES,MORGANA,CHOGATH,CAITLYN
8_14,BBQ,GRF,RED,MORGANA,AATROX,SHEN,TALIYAH,TAHM KENCH,KINDRED,RYZE,ALISTAR,GRAGAS,TRUNDLE,EZREAL,KAISA,JAYCE,CAMILLE,ZOE,KENNEN,AZIR,GNAR,BRAUM,VELKOZ
8_14,SKT,KZ,RED,JAYCE,AATROX,TRUNDLE,TALIYAH,AURELION SOL,VARUS,RYZE,ASHE,BRAUM,TAHM KENCH,EZREAL,CAMILLE,GNAR,KENNEN,DARIUS,KINDRED,OLAF,SEJUANI,GANGPLANK,ZOE
8_14,KZ,SKT,BLUE,MORGANA,AATROX,RAKAN,TALIYAH,RYZE,CAMILLE,TAHM KENCH,VARUS,ASHE,BRAUM,GRAGAS,TRUNDLE,LEBLANC,GNAR,KENNEN,DARIUS,ZOE,CHOGATH,KINDRED,ORIANNA
8_14,MVP,KT,RED,YASUO,AATROX,RAKAN,TALIYAH,RYZE,TRUNDLE,TAHM KENCH,BRAUM,ZOE,ASHE,JHIN,AZIR,GNAR,GANGPLANK,JAYCE,SKARNER,ZAC,SEJUANI,CAMILLE,JARVAN IV
8_14,KT,MVP,BLUE,ZOE,AATROX,RYZE,TALIYAH,TRUNDLE,TAHM KENCH,AZIR,GRAGAS,ASHE,VARUS,MORGANA,VELKOZ,CAMILLE,JAYCE,ALISTAR,KENNEN,GANGPLANK,GNAR,SEJUANI,JHIN
8_15,	GEN,	AFS,	RED,	ALISTAR,	AATROX,	CAMILLE,	TAHM KENCH,	RYZE,	ASHE,	TALIYAH,	SHEN, VARUS,	RAKAN, SIVIR,	OLAF,	TRUNDLE,	LEBLANC,	ORIANNA,	GANGPLANK,	SWAIN,	JARVAN IV, ZILEAN,	QUINN
8_15,	AFS,	GEN,	BLUE,	ASHE,	AATROX,	MORGANA,	TALIYAH,	TAHM KENCH,	QUINN,	ALISTAR,	VARUS, TRUNDLE,	YASUO, SWAIN,	BRAUM,	JAYCE,	DR. MUNDO,	CAMILLE,	RYZE,	GNAR,	GRAGAS, GANGPLANK,	ZOE
8_15,	KZ,	AFS,	RED,	SWAIN,	AATROX,	YASUO,	TAHM KENCH,	SHEN,	ASHE,	TALIYAH,	ALISTAR, VARUS,	RYZE, JAYCE,	OLAF,	MORGANA,	QUINN,	EZREAL,	VELKOZ,	ORNN,	RAKAN, KAISA,	TALON
8_15,	KZ,	AFS,	RED,	SWAIN,	AATROX,	YASUO,	ASHE,	OLAF,	TAHM KENCH,	TALIYAH,	SHEN, VARUS,	CAMILLE, ALISTAR,	GRAGAS,	MISS FORTUNE,	JAX,	EZREAL,	TALON,	CHOGATH,	KAISA, RYZE,	VELKOZ
8_15,	KZ,	AFS,	BLUE,	SWAIN,	AATROX,	TALIYAH,	ASHE,	SHEN,	TAHM KENCH,	VARUS,	XAYAH, RAKAN,	GRAGAS, MORGANA,	OLAF,	TRUNDLE,	TALON,	SEJUANI,	LEBLANC,	ORNN,	ZOE, KINDRED,	MALZAHAR
8_15,	KZ,	AFS,	RED,	SWAIN,	AATROX,	TALIYAH,	ASHE,	SHEN,	TAHM KENCH,	VARUS,	GRAGAS, XAYAH,	ALISTAR, TRUNDLE,	RAKAN,	ZOE,	TALON,	CAMILLE,	VELKOZ,	RYZE,	ORIANNA, CHOGATH,	LEBLANC
8_15,	AFS,	GRF,	RED,	MORGANA,	RAKAN,	TAHM KENCH,	ALISTAR,	KAISA,	ASHE,	AATROX,	RYZE, VARUS,	SWAIN, SHEN,	BRAUM,	GRAGAS,	TRUNDLE,	CAMILLE,	CHOGATH,	OLAF,	SEJUANI, GANGPLANK,	GNAR
8_15,	GRF,	AFS,	RED,	RYZE,	AATROX,	BRAUM,	KAISA,	RAKAN,	TAHM KENCH,	ALISTAR,	GRAGAS, VARUS,	OLAF, MISS FORTUNE,	SHEN,	CHOGATH,	KENNEN,	YASUO,	GANGPLANK,	ZOE,	GNAR, ORIANNA,	QUINN
8_15,	AFS,	GRF,	BLUE,	RYZE,	AATROX,	TAHM KENCH,	RAKAN,	MISS FORTUNE,	GRAGAS,	SHEN,	ALISTAR, OLAF,	LEE SIN, VARUS,	EZREAL,	LEBLANC,	GNAR,	AZIR,	ORIANNA,	ZOE,	KAISA, KENNEN,	CHOGATH
8_15,	AFS,	GRF,	RED,	RYZE,	AATROX,	TAHM KENCH,	RAKAN,	MORGANA,	SHEN,	ALISTAR,	BRAUM, ASHE,	SWAIN, YASUO,	OLAF,	AZIR,	GNAR,	GRAGAS,	ZOE,	GALIO,	TRUNDLE, GANGPLANK,	JAYCE
8_15,	AFS,	GRF,	RED,	RYZE,	AATROX,	OLAF,	TALIYAH,	SORAKA,	RAKAN,	TAHM KENCH,	BRAUM, ASHE,	GRAGAS, VARUS,	TRUNDLE,	KENNEN,	JAYCE,	QUINN,	DR. MUNDO,	GNAR,	ZOE, YASUO,	ORIANNA
8_15,	KT,	GRF,	RED,	OLAF,	KINDRED,	TRUNDLE,	GRAGAS,	TALIYAH,	VARUS,	AATROX,	URGOT, ZAC,	SEJUANI, ALISTAR,	TAHM KENCH,	LEBLANC,	IRELIA,	SYNDRA,	SIVIR,	KAISA,	JINX, VIKTOR,	CHOGATH
8_15,	GRF,	KT,	RED,	KINDRED,	AATROX,	RYZE,	TAHM KENCH,	GRAGAS,	TRUNDLE,	VARUS,	URGOT, ALISTAR,	ZAC, MORGANA,	TALIYAH,	CHOGATH,	VIKTOR,	GNAR,	LEBLANC,	KAISA,	ORNN, ZOE,	IRELIA
8_15,	GRF,	KT,	BLUE,	KINDRED,	AATROX,	RYZE,	TRUNDLE,	VARUS,	GRAGAS,	URGOT,	KAISA, ALISTAR,	TALIYAH, TAHM KENCH,	OLAF,	TRISTANA,	LEBLANC,	XAYAH,	SYNDRA,	VIKTOR,	YASUO, JAYCE,	CHOGATH
8_15,	GRF,	KT,	RED,	KINDRED,	AATROX,	RYZE,	URGOT,	VARUS,	TAHM KENCH,	GRAGAS,	TALIYAH, ALISTAR,	OLAF, KAISA,	SIVIR,	CHOGATH,	SYNDRA,	ORNN,	VIKTOR,	JAYCE,	MALPHITE, ZOE,	TRUNDLE
8_15,	KT,	GRF,	BLUE,	YASUO,	KINDRED,	TAHM KENCH,	RYZE,	AATROX,	VARUS,	URGOT,	GRAGAS, TALIYAH,	XAYAH, RAKAN,	EZREAL,	OLAF,	IRELIA,	LEBLANC,	ZOE,	GNAR,	GALIO, NOCTURNE,	VELKOZ
8_16,	FOX,	CG,	BLUE,	AKALI,	KINDRED,	MORGANA,	RAKAN,	VARUS,	URGOT,	OLAF,	AATROX, ASHE,	ALISTAR, KAISA,	TAHM KENCH,	RYZE,	GRAVES,	RUMBLE,	LEBLANC,	GRAGAS,	SYNDRA, ORNN,	AZIR
8_16,	CG,	FOX,	RED,	KINDRED,	AZIR,	KAISA,	AKALI,	VARUS,	SEJUANI,	URGOT,	OLAF, ASHE,	CAMILLE, XAYAH,	BRAUM,	RAKAN,	RUMBLE,	THRESH,	ORNN,	CASSIOPEIA,	SHEN, LEBLANC,	GALIO
8_16,	FOX,	CG,	BLUE,	AKALI,	KINDRED,	MORGANA,	OLAF,	SEJUANI,	VARUS,	URGOT,	ALISTAR, AATROX,	KAISA, BRAUM,	SIVIR,	ZAC,	LEBLANC,	SYNDRA,	AZIR,	GRAGAS,	RYZE, POPPY,	CASSIOPEIA
8_16,	FOX,	TSM,	RED,	AKALI,	KINDRED,	ZILEAN,	OLAF,	URGOT,	BRAUM,	VARUS,	RAKAN, XAYAH,	MORGANA, RYZE,	AATROX,	GRAVES,	VELKOZ,	CAMILLE,	SEJUANI,	SYNDRA,	ORNN, XIN ZHAO,	SKARNER
8_16,	TSM,	FOX,	BLUE,	KINDRED,	AKALI,	URGOT,	RAKAN,	GRAVES,	OLAF,	VARUS,	BRAUM, KAISA,	AATROX, TAHM KENCH,	SYNDRA,	ZILEAN,	CAMILLE,	IRELIA,	ORNN,	CHOGATH,	GRAGAS, VELKOZ,	SEJUANI
8_16,	TSM,	FOX,	BLUE,	KINDRED,	AKALI,	URGOT,	AATROX,	GRAVES,	OLAF,	VARUS,	ASHE, RUMBLE,	ORNN, GRAGAS,	BRAUM,	IRELIA,	XIN ZHAO,	VELKOZ,	TRUNDLE,	CAMILLE,	TAHM KENCH, GALIO,	ZILEAN
8_16,	C9,	TSM,	BLUE,	IRELIA,	KINDRED,	OLAF,	ZILEAN,	AKALI,	BRAUM,	CAMILLE,	VARUS, TAHM KENCH,	AATROX, KAISA,	URGOT,	GALIO,	SKARNER,	LEONA,	GRAGAS,	SION,	ALISTAR, CASSIOPEIA,	ZAC
8_16,	TSM,	C9,	RED,	KINDRED,	OLAF,	ZILEAN,	GRAGAS,	CAMILLE,	AKALI,	AATROX,	KAISA, HECARIM,	XAYAH, RAKAN,	ALISTAR,	SEJUANI,	URGOT,	SKARNER,	SYNDRA,	GALIO,	TRUNDLE, CASSIOPEIA,	NOCTURNE
8_16,	C9,	TSM,	BLUE,	OLAF,	KINDRED,	GRAGAS,	ZILEAN,	AKALI,	GALIO,	KAISA,	RAKAN, AATROX,	HECARIM, ALISTAR,	XAYAH,	NOCTURNE,	IRELIA,	CAMILLE,	SKARNER,	SEJUANI,	RYZE, TALIYAH,	URGOT
8_14,	TSM,	C9,	RED,	MORGANA,	TAHM KENCH,	ORIANNA,	NOCTURNE,	AATROX,	TALIYAH,	ZOE,	KINDRED, BRAUM,	RAKAN, SEJUANI,	LULU,	GANGPLANK,	EZREAL,	GNAR,	ORNN,	DR. MUNDO,	XAYAH, CHOGATH,	QUINN
8_14,	CLG,	OPT,	RED,	KINDRED,	TALIYAH,	SWAIN,	NOCTURNE,	MORGANA,	VARUS,	AATROX,	GRAVES, JHIN,	TRUNDLE, RAKAN,	FIORA,	XAYAH,	TAHM KENCH,	LUCIAN,	HEIMERDINGER,	BRAUM,	ORIANNA, EZREAL,	AHRI
8_14,	FOX,	FLY,	BLUE,	TALIYAH,	AATROX,	BRAUM,	ZOE,	TRUNDLE,	NOCTURNE,	VARUS,	KINDRED, SHEN,	GANGPLANK, TAHM KENCH,	DR. MUNDO,	GRAVES,	LUCIAN,	GRAGAS,	EZREAL,	KAISA,	SYNDRA, CAMILLE,	GALIO
8_14,	GGS,	TL,	RED,	RAKAN,	AATROX,	TALIYAH,	NOCTURNE,	TAHM KENCH,	KINDRED,	ZOE,	VARUS, TRUNDLE,	HEIMERDINGER, FIDDLESTICKS,	BRAUM,	GRAVES,	YASUO,	XIN ZHAO,	DARIUS,	GANGPLANK,	CAMILLE, GNAR,	MALZAHAR
8_14,	CG,	100,	RED,	KINDRED,	AATROX,	VARUS,	RAKAN,	TALIYAH,	NOCTURNE,	TRUNDLE,	GRAVES, ORIANNA,	EZREAL, TAHM KENCH,	BRAUM,	AZIR,	JHIN,	ZOE,	LEBLANC,	LUCIAN,	SYNDRA, GNAR,	GANGPLANK
8_14,	FLY,	TSM,	BLUE,	RAKAN,	AATROX,	ORIANNA,	NOCTURNE,	VARUS,	TALIYAH,	ZOE,	BRAUM, EZREAL,	ASHE, TAHM KENCH,	GNAR,	GANGPLANK,	RYZE,	KINDRED,	LEBLANC,	TRUNDLE,	KENNEN, SEJUANI,	SYNDRA
8_14,	100,	CLG,	BLUE,	VARUS,	AATROX,	TAHM KENCH,	NOCTURNE,	LUCIAN,	SWAIN,	RAKAN,	MORGANA, KINDRED,	XAYAH, TALIYAH,	DR. MUNDO,	GNAR,	JHIN,	GANGPLANK,	CAITLYN,	KALISTA,	ZOE, DARIUS,	GALIO
8_14,	TL,	CG,	BLUE,	SWAIN,	AATROX,	KINDRED,	NOCTURNE,	MORGANA,	TALIYAH,	RAKAN,	TRUNDLE, TAHM KENCH,	XAYAH, GRAVES,	EZREAL,	RYZE,	CORKI,	GALIO,	SYNDRA,	GANGPLANK,	ORIANNA, DR. MUNDO,	AZIR
8_14,	C9,	FOX,	BLUE,	GRAVES,	NOCTURNE,	TAHM KENCH,	KINDRED,	GANGPLANK,	MORGANA,	ORIANNA,	VARUS, BRAUM,	AATROX, PYKE,	SYNDRA,	YASUO,	FIORA,	TALIYAH,	DR. MUNDO,	POPPY,	QUINN, ELISE,	RENGAR
8_14,	OPT,	GGS,	BLUE,	HEIMERDINGER,	AATROX,	TALIYAH,	NOCTURNE,	SWAIN,	ZOE,	VARUS,	JHIN, KINDRED,	GRAVES, BRAUM,	GANGPLANK,	JAYCE,	MORGANA,	CAMILLE,	PYKE,	SHEN,	YORICK, VIKTOR,	LEBLANC
8_14,	TL,	100,	BLUE,	MORGANA,	AATROX,	SWAIN,	RAKAN,	TALIYAH,	NOCTURNE,	KINDRED,	BRAUM, VARUS,	TAHM KENCH, ASHE,	TRUNDLE,	RUMBLE,	GANGPLANK,	ORIANNA,	GNAR,	ZOE,	CHOGATH, MALZAHAR,	DR. MUNDO
8_14,	C9,	CG,	BLUE,	MORGANA,	AATROX,	TRUNDLE,	KINDRED,	KENNEN,	VARUS,	NOCTURNE,	XAYAH, RAKAN,	JHIN, TAHM KENCH,	SEJUANI,	GANGPLANK,	ZOE,	LEBLANC,	GNAR,	CHOGATH,	DR. MUNDO, ZILEAN,	SWAIN
8_14,	CLG,	FOX,	RED,	GRAVES,	NOCTURNE,	GANGPLANK,	AATROX,	ZOE,	MORGANA,	VARUS,	XAYAH, RAKAN,	KINDRED, SHEN,	GRAGAS,	CAMILLE,	JAYCE,	DR. MUNDO,	YASUO,	RUMBLE,	CHOGATH, RYZE,	SYNDRA
8_14,	OPT,	FLY,	BLUE,	ZOE,	AATROX,	TALIYAH,	NOCTURNE,	RAKAN,	VARUS,	GRAGAS,	SEJUANI, BRAUM,	MORGANA, JHIN,	EZREAL,	LEBLANC,	DR. MUNDO,	CHOGATH,	AZIR,	ORIANNA,	SYNDRA, CAMILLE,	GANGPLANK
8_14,	TSM,	GGS,	BLUE,	MORGANA,	AATROX,	KINDRED,	NOCTURNE,	HEIMERDINGER,	TALIYAH,	ZOE,	TRUNDLE, TAHM KENCH,	BRAUM, EZREAL,	VARUS,	GANGPLANK,	YASUO,	RUMBLE,	LEBLANC,	RYZE,	GNAR, GRAGAS,	KENNEN
8_14,	TL,	FLY,	BLUE,	MORGANA,	AATROX,	VARUS,	RAKAN,	TALIYAH,	NOCTURNE,	KINDRED,	TAHM KENCH, ASHE,	BRAUM, KAISA,	ZOE,	MALZAHAR,	GRAGAS,	ORIANNA,	GNAR,	TRUNDLE,	SYNDRA, GANGPLANK,	RUMBLE
8_14,	C9,	CLG,	BLUE,	MORGANA,	RAKAN,	TALIYAH,	NOCTURNE,	FIORA,	AATROX,	KINDRED,	VARUS, GRAGAS,	KAISA, BRAUM,	SHEN,	CHOGATH,	GANGPLANK,	POPPY,	GNAR,	RYZE,	ZILEAN, DR. MUNDO,	KENNEN
8_14,	FOX,	TSM,	BLUE,	EZREAL,	GANGPLANK,	BRAUM,	AATROX,	TAHM KENCH,	RAKAN,	NOCTURNE,	ZOE, KINDRED,	VARUS, MORGANA,	LUCIAN,	RUMBLE,	NAMI,	KENNEN,	JAYCE,	ALISTAR,	SYNDRA, GNAR,	CHOGATH
8_14,	100,	GGS,	BLUE,	HEIMERDINGER,	AATROX,	MORGANA,	NOCTURNE,	KINDRED,	TALIYAH,	ZOE,	BRAUM, VARUS,	XAYAH, RAKAN,	GRAGAS,	GANGPLANK,	LEBLANC,	GNAR,	YASUO,	ORIANNA,	SEJUANI, JAYCE,	POPPY
8_14,	CG,	OPT,	BLUE,	TAHM KENCH,	NOCTURNE,	MORGANA,	VARUS,	AATROX,	RAKAN,	BRAUM,	GRAGAS, PYKE,	KINDRED, LUCIAN,	EZREAL,	AZIR,	AHRI,	LEBLANC,	CAMILLE,	ORIANNA,	GANGPLANK, SYNDRA,	YORICK
8_15,	100,	FOX,	BLUE,	GANGPLANK,	AATROX,	VARUS,	NOCTURNE,	AKALI,	MORGANA,	RAKAN,	SWAIN, ALISTAR,	XAYAH, ZOE,	YASUO,	KINDRED,	TRUNDLE,	JAYCE,	GRAGAS,	LEE SIN,	CHOGATH, POPPY,	DR. MUNDO
8_15,	C9,	GGS,	BLUE,	ZOE,	AATROX,	LEBLANC,	NOCTURNE,	AKALI,	TALIYAH,	KINDRED,	TAHM KENCH, GRAGAS,	BRAUM, ZILEAN,	RYZE,	JAYCE,	DR. MUNDO,	GANGPLANK,	GNAR,	VARUS,	KAISA, ORNN,	CHOGATH
8_15,	CLG,	TSM,	RED,	ZOE,	AATROX,	AKALI,	IRELIA,	RAKAN,	MORGANA,	KINDRED,	VARUS, BRAUM,	ALISTAR, TRISTANA,	GRAGAS,	GANGPLANK,	LEBLANC,	ZILEAN,	FIZZ,	SYNDRA,	TALIYAH, CHOGATH,	GNAR
8_15,	OPT,	TL,	RED,	ASHE,	AATROX,	TALIYAH,	KINDRED,	VARUS,	NOCTURNE,	AKALI,	RAKAN, XAYAH,	DRAVEN, TAHM KENCH,	GALIO,	CAMILLE,	GANGPLANK,	TRUNDLE,	DR. MUNDO,	GRAVES,	SEJUANI, JAYCE,	MALPHITE
8_15,	CG,	FLY,	RED,	ZOE,	AATROX,	RYZE,	KINDRED,	NOCTURNE,	RAKAN,	AKALI,	TAHM KENCH, TRUNDLE,	TALIYAH, VARUS,	LEBLANC,	BRAUM,	ASHE,	ALISTAR,	JHIN,	KAISA,	GANGPLANK, PYKE,	RUMBLE
8_15,	FOX,	OPT,	RED,	AKALI,	VARUS,	MORGANA,	NOCTURNE,	BRAUM,	RAKAN,	AATROX,	KINDRED, FIORA,	TAHM KENCH, ASHE,	DRAVEN,	GRAGAS,	PYKE,	LEBLANC,	SHEN,	ZILEAN,	RUMBLE, ZOE,	FIZZ
8_15,	GGS,	CG,	RED,	TAHM KENCH,	AATROX,	GANGPLANK,	ZOE,	AKALI,	KINDRED,	NOCTURNE,	BRAUM, TRUNDLE,	XAYAH, RAKAN,	EZREAL,	LEBLANC,	SYNDRA,	RYZE,	DR. MUNDO,	ORIANNA,	GNAR, TALIYAH,	CAMILLE
8_15,	TSM,	100,	BLUE,	MORGANA,	AATROX,	RAKAN,	ZOE,	AKALI,	SYNDRA,	BRAUM,	KINDRED, ALISTAR,	GRAGAS, VARUS,	ASHE,	GNAR,	CAMILLE,	CHOGATH,	GANGPLANK,	ORIANNA,	NOCTURNE, ZILEAN,	DR. MUNDO
8_15,	TL,	C9,	RED,	AKALI,	AATROX,	GRAGAS,	NOCTURNE,	TALIYAH,	RAKAN,	KINDRED,	ASHE, TAHM KENCH,	BRAUM, VARUS,	LEE SIN,	GNAR,	ZOE,	ZILEAN,	YASUO,	GANGPLANK,	CHOGATH, ORIANNA,	SYNDRA
8_15,	FLY,	CLG,	BLUE,	RAKAN,	ZOE,	KINDRED,	AKALI,	TALIYAH,	AATROX,	TRUNDLE,	VARUS, GRAGAS,	ASHE, TAHM KENCH,	BRAUM,	GANGPLANK,	SYNDRA,	GNAR,	DR. MUNDO,	CHOGATH,	RYZE, RUMBLE,	ORIANNA
8_15,	FOX,	TL,	RED,	MORGANA,	AATROX,	GALIO,	AKALI,	NOCTURNE,	RAKAN,	KINDRED,	VARUS, BRAUM,	TAHM KENCH, ASHE,	GRAGAS,	RUMBLE,	LEBLANC,	GANGPLANK,	ZOE,	GNAR,	ZILEAN, CHOGATH,	AZIR
8_15,	100,	C9,	RED,	MORGANA,	AATROX,	KINDRED,	RAKAN,	TAHM KENCH,	AKALI,	NOCTURNE,	BRAUM, TRUNDLE,	ALISTAR, ZOE,	GANGPLANK,	JAYCE,	LEBLANC,	RUMBLE,	SYNDRA,	QUINN,	KAISA, VLADIMIR,	FIZZ
8_15,	OPT,	TSM,	RED,	ALISTAR,	AATROX,	RAKAN,	KINDRED,	AKALI,	NOCTURNE,	VARUS,	TRUNDLE, EZREAL,	ZILEAN, CAMILLE,	TAHM KENCH,	FIZZ,	LEBLANC,	AZIR,	SYNDRA,	RYZE,	VIKTOR, GRAGAS,	GANGPLANK
8_15,	GGS,	FLY,	RED,	AKALI,	AATROX,	TALIYAH,	KINDRED,	GANGPLANK,	HEIMERDINGER,	NOCTURNE,	TRUNDLE, TAHM KENCH,	ASHE, RYZE,	VARUS,	BRAUM,	ZOE,	ALISTAR,	CASSIOPEIA,	RUMBLE,	DR. MUNDO, RAKAN,	AZIR
8_15,	CLG,	CG,	BLUE,	TAHM KENCH,	AATROX,	KINDRED,	NOCTURNE,	MORGANA,	RAKAN,	VARUS,	BRAUM, TRUNDLE,	GRAVES, DR. MUNDO,	ASHE,	LEBLANC,	AZIR,	ZILEAN,	ALISTAR,	GANGPLANK,	BARD, RYZE,	SYNDRA
8_15,	100,	OPT,	RED,	MORGANA,	RAKAN,	AKALI,	KINDRED,	AATROX,	NOCTURNE,	BRAUM,	ASHE, TAHM KENCH,	JHIN, GRAVES,	CAMILLE,	GANGPLANK,	GRAGAS,	DR. MUNDO,	SYNDRA,	SEJUANI,	RYZE, JAX,	ZOE
8_15,	CLG,	GGS,	BLUE,	TAHM KENCH,	AATROX,	KINDRED,	NOCTURNE,	MORGANA,	AKALI,	RAKAN,	HEIMERDINGER, FIDDLESTICKS,	VARUS, TRUNDLE,	GRAVES,	RYZE,	LEBLANC,	SYNDRA,	JAYCE,	ORIANNA,	GANGPLANK, ZOE,	GNAR
8_15,	CG,	FOX,	RED,	ZOE,	AATROX,	RUMBLE,	NOCTURNE,	AKALI,	MORGANA,	KINDRED,	VARUS, BRAUM,	ASHE, TAHM KENCH,	GANGPLANK,	JAYCE,	LEE SIN,	YORICK,	GRAGAS,	SEJUANI,	IRELIA, RYZE,	SYNDRA
8_15,	FLY,	C9,	RED,	KINDRED,	AATROX,	GANGPLANK,	RUMBLE,	NOCTURNE,	TRUNDLE,	TAHM KENCH,	ZILEAN, JHIN,	SEJUANI, ASHE,	CAMILLE,	DR. MUNDO,	OLAF,	GNAR,	BRAUM,	ORNN,	KENNEN, AZIR,	LEBLANC
8_15,	TSM,	TL,	BLUE,	RAKAN,	AATROX,	MORGANA,	ZILEAN,	TAHM KENCH,	BRAUM,	AKALI,	GALIO, KINDRED,	TRUNDLE, GANGPLANK,	RUMBLE,	VARUS,	KAISA,	EZREAL,	QUINN,	ALISTAR,	SWAIN, PYKE,	TRISTANA
8_16,	FOX,	TSM,	RED,	AKALI,	VARUS,	OLAF,	RAKAN,	BRAUM,	SYNDRA,	RYZE,	KAISA, SEJUANI,	TAHM KENCH, DRAVEN,	IRELIA,	TRUNDLE,	GRAGAS,	CAMILLE,	RUMBLE,	SHEN,	POPPY, CHOGATH,	GNAR
8_16,	FOX,	TSM,	BLUE,	AKALI,	VARUS,	OLAF,	RAKAN,	BRAUM,	TAHM KENCH,	RYZE,	TRUNDLE, KAISA,	DRAVEN, ALISTAR,	SYNDRA,	GANGPLANK,	MORGANA,	RUMBLE,	GNAR,	SHEN,	CHOGATH, KINDRED,	KENNEN
8_16,	FOX,	TSM,	BLUE,	AKALI,	VARUS,	OLAF,	RAKAN,	EZREAL,	RYZE,	BRAUM,	SWAIN, TRUNDLE,	KINDRED, KAISA,	PYKE,	ZILEAN,	YASUO,	SYNDRA,	LEBLANC,	AZIR,	RUMBLE, AHRI,	GNAR
8_16,	FOX,	TSM,	RED,	AKALI,	VARUS,	OLAF,	RAKAN,	EZREAL,	BRAUM,	RYZE,	SEJUANI, IRELIA,	TAHM KENCH, TRUNDLE,	KAISA,	DRAVEN,	SHEN,	CHOGATH,	ALISTAR,	RUMBLE,	ASHE, LUCIAN,	NAMI
8_16,	FOX,	TSM,	RED,	AKALI,	VARUS,	OLAF,	BRAUM,	IRELIA,	RYZE,	KINDRED,	SEJUANI, EZREAL,	XAYAH, RAKAN,	LEONA,	RUMBLE,	FIZZ,	CHOGATH,	GANGPLANK,	LEBLANC,	GALIO, KENNEN,	JAYCE
8_16,	100,	FLY,	BLUE,	TAHM KENCH,	KINDRED,	VARUS,	GANGPLANK,	RUMBLE,	RAKAN,	BRAUM,	KAISA, NOCTURNE,	TRISTANA, RYZE,	ALISTAR,	TRUNDLE,	CASSIOPEIA,	GRAVES,	GNAR,	CHOGATH,	ORNN, SEJUANI,	TALIYAH
8_16,	100,	FLY,	BLUE,	VARUS,	KINDRED,	TAHM KENCH,	GANGPLANK,	RUMBLE,	RAKAN,	BRAUM,	NOCTURNE, KAISA,	TRISTANA, RYZE,	ALISTAR,	TRUNDLE,	CASSIOPEIA,	GRAVES,	AZIR,	CHOGATH,	ORNN, SEJUANI,	TALIYAH
8_16,	100,	FLY,	BLUE,	VARUS,	KINDRED,	TAHM KENCH,	GANGPLANK,	RUMBLE,	BRAUM,	RAKAN,	RYZE, SHEN,	XAYAH, SEJUANI,	TRUNDLE,	ZOE,	GNAR,	ORNN,	KAISA,	EZREAL,	CHOGATH, CASSIOPEIA,	CAMILLE
8_16,	C9,	TSM,	RED,	TRUNDLE,	KINDRED,	OLAF,	GANGPLANK,	SEJUANI,	RAKAN,	BRAUM,	AKALI, SHEN,	QUINN, ZILEAN,	KAISA,	HECARIM,	LEBLANC,	CAMILLE,	DR. MUNDO,	GRAGAS,	NOCTURNE, ORNN,	SION
8_16,	C9,	TSM,	BLUE,	TRUNDLE,	KINDRED,	OLAF,	GANGPLANK,	SEJUANI,	RAKAN,	BRAUM,	KAISA, SHEN,	VARUS, CAMILLE,	AKALI,	GALIO,	GRAGAS,	LULU,	DR. MUNDO,	POPPY,	ZILEAN, ORNN,	SION
8_16,	TSM,	C9,	BLUE,	KINDRED,	BRAUM,	ZILEAN,	AKALI,	TAHM KENCH,	OLAF,	SHEN,	LEONA, CAMILLE,	SEJUANI, GANGPLANK,	QUINN,	KAISA,	LEBLANC,	EZREAL,	RYZE,	ORNN,	SWAIN, IRELIA,	GALIO
8_16,	C9,	TSM,	BLUE,	OLAF,	KINDRED,	SHEN,	BRAUM,	AKALI,	GANGPLANK,	VARUS,	TAHM KENCH, RYZE,	ZILEAN, MALZAHAR,	JHIN,	HECARIM,	DR. MUNDO,	LEE SIN,	SEJUANI,	TRUNDLE,	GRAVES, ORNN,	GNAR
8_16,	C9,	TSM,	BLUE,	OLAF,	KINDRED,	SHEN,	BRAUM,	AKALI,	VARUS,	KAISA,	SWAIN, SEJUANI,	GRAVES, LEONA,	IRELIA,	LEBLANC,	GANGPLANK,	GALIO,	DR. MUNDO,	ORNN,	POPPY, MALZAHAR,	GRAGAS
8_16,	100,	TL,	BLUE,	OLAF,	RYZE,	SHEN,	RAKAN,	AKALI,	VARUS,	KINDRED,	BRAUM, SEJUANI,	ALISTAR, GANGPLANK,	KAISA,	TRISTANA,	AZIR,	SWAIN,	CHOGATH,	ORNN,	MALZAHAR, JHIN,	ZILEAN
8_16,	100,	TL,	RED,	OLAF,	RYZE,	SHEN,	KINDRED,	AKALI,	VARUS,	RAKAN,	GANGPLANK, TAHM KENCH,	GNAR, XAYAH,	JHIN,	GALIO,	MALZAHAR,	TRUNDLE,	SEJUANI,	GRAGAS,	LEBLANC, POPPY,	SYNDRA
8_16,	TL,	100,	BLUE,	AKALI,	KINDRED,	GANGPLANK,	RAKAN,	OLAF,	KAISA,	VARUS,	BRAUM, MISS FORTUNE,	SEJUANI, RYZE,	CASSIOPEIA,	TAHM KENCH,	TRUNDLE,	ALISTAR,	GNAR,	SKARNER,	THRESH, ORNN,	DR. MUNDO
8_16,	TL,	100,	BLUE,	AKALI,	VARUS,	GANGPLANK,	RAKAN,	KINDRED,	OLAF,	RYZE,	BRAUM, SEJUANI,	TRUNDLE, THRESH,	MALZAHAR,	JHIN,	CAMILLE,	ORNN,	GNAR,	CHOGATH,	ASHE, SHEN,	KAISA
8_16,	100,	TSM,	BLUE,	AKALI,	KINDRED,	SHEN,	RAKAN,	VARUS,	BRAUM,	OLAF,	KAISA, GRAGAS,	ALISTAR, GANGPLANK,	RYZE,	TRISTANA,	IRELIA,	LEBLANC,	SEJUANI,	TRUNDLE,	SYNDRA, JHIN,	ZILEAN
8_16,	TSM,	100,	BLUE,	RAKAN,	AKALI,	KINDRED,	VARUS,	GANGPLANK,	OLAF,	KAISA,	ALISTAR, TRISTANA,	BRAUM, SION,	TRUNDLE,	SEJUANI,	SYNDRA,	IRELIA,	LEBLANC,	RYZE,	VELKOZ, GRAGAS,	SHEN
8_16,	100,	TSM,	BLUE,	AKALI,	KINDRED,	VARUS,	RAKAN,	SHEN,	GANGPLANK,	OLAF,	BRAUM, KAISA,	ALISTAR, TRISTANA,	GRAVES,	SYNDRA,	IRELIA,	RYZE,	VELKOZ,	SION,	CHOGATH, MALZAHAR,	ZILEAN
8_16,	TSM,	100,	RED,	RAKAN,	AKALI,	KINDRED,	VARUS,	GANGPLANK,	OLAF,	BRAUM,	ALISTAR, SEJUANI,	KAISA, CAMILLE,	TRISTANA,	GALIO,	LEBLANC,	GRAGAS,	IRELIA,	CHOGATH,	ZILEAN, SION,	MALZAHAR
8_16,	100,	TSM,	RED,	AKALI,	KINDRED,	VARUS,	RAKAN,	SHEN,	OLAF,	GANGPLANK,	KAISA, CAMILLE,	TRISTANA, ALISTAR,	ZILEAN,	LEBLANC,	BRAUM,	MALZAHAR,	TAHM KENCH,	MORGANA,	RYZE, GRAGAS,	SION
8_16,	TL,	C9,	BLUE,	AKALI,	RAKAN,	ZILEAN,	THRESH,	KINDRED,	VARUS,	KAISA,	GANGPLANK, BRAUM,	MORGANA, SION,	MALZAHAR,	SYNDRA,	QUINN,	AZIR,	GRAVES,	TWITCH,	OLAF, RYZE,	HECARIM
8_16,	TL,	C9,	BLUE,	AKALI,	RAKAN,	KINDRED,	THRESH,	GRAVES,	VARUS,	KAISA,	TWITCH, BRAUM,	MORGANA, SION,	MALZAHAR,	SYNDRA,	SHEN,	OLAF,	GRAGAS,	LEE SIN,	SEJUANI, IRELIA,	ORNN
8_16,	TL,	C9,	BLUE,	AKALI,	RAKAN,	ZILEAN,	VARUS,	KINDRED,	KAISA,	ASHE,	EZREAL, BRAUM,	THRESH, SION,	TRUNDLE,	SKARNER,	GANGPLANK,	GRAVES,	ORNN,	CHOGATH,	RYZE, GRAGAS,	CASSIOPEIA
